idea_id,startup_name,idea_description,target_customer,problem_statement,proposed_solution,industry,business_model,problem_clarity,customer_urgency,technical_complexity,monetization_clarity,acquisition_difficulty,competition_level,validation_evidence,mvp_complexity,overall_uncertainty,validation_readiness,startup_archetype,annotation_explanation,annotator_id,rubric_version,data_source
001,LaundryLoop,"A marketplace that connects college students with nearby laundry service providers and enables pickup and delivery.","College students living in hostels","College students struggle to find reliable, affordable, and convenient laundry services.","A mobile and web marketplace connecting students with local laundry providers.","Marketplace","Commission per order",8,6,6,5,7,7,2,7,8,Needs Discovery,Marketplace,"The problem is understandable and relevant, but demand, provider availability, repeat usage, and willingness to pay have not been validated. The marketplace introduces supply-side and demand-side complexity.","muneer","0.1.0","human"
002,StudyBuddy AI,"An AI tutor that explains difficult academic concepts and generates personalized practice questions for college students.","College students","Students struggle to understand difficult topics and get personalized academic help.","An AI-powered tutoring platform with explanations, quizzes, and progress tracking.","EdTech","Monthly subscription",8,7,5,6,6,8,3,5,7,Needs Discovery,AI Application,"The problem is clear, but the market is crowded and the product has limited validation. Differentiation, retention, and willingness to pay remain uncertain.","muneer","0.1.0","human"
003,InvoiceFlow,"A simple invoice generator and payment reminder tool for freelancers and small businesses.","Freelancers and small businesses","Small businesses struggle to create professional invoices and track payment follow-ups.","A lightweight web application for invoices, reminders, and payment tracking.","SaaS","Monthly subscription",9,6,3,8,3,6,4,3,4,Needs Validation,SaaS,"The problem is clear and the product is relatively simple to build. However, customer willingness to pay and differentiation from existing tools require validation.","muneer","0.1.0","human"
004,QuickCart Campus,"A hyperlocal grocery delivery service operating inside college campuses.","College students living on campuses","Students need quick access to snacks, beverages, and daily essentials without leaving campus.","A campus-focused ordering and delivery service using nearby stores and student delivery partners.","Marketplace","Delivery fee and commission",8,7,7,6,8,7,2,8,9,Needs Discovery,Marketplace,"The demand may exist, but logistics, delivery reliability, margins, inventory, and two-sided coordination create substantial uncertainty.","muneer","0.1.0","human"
005,ResumeFixer,"A tool that analyzes resumes against job descriptions and suggests improvements for specific roles.","Students and job seekers","Applicants struggle to tailor resumes to job descriptions and communicate relevant skills.","A resume analysis tool that identifies missing keywords, unclear achievements, and role mismatches.","SaaS","Freemium subscription",8,7,4,7,5,8,3,4,6,Needs Discovery,AI Application,"The use case is understandable and technically feasible, but competition is intense and user willingness to pay and measurable outcomes remain uncertain.","muneer","0.1.0","human"
006,HostelFix,"A platform where hostel residents report maintenance issues and track resolution status.","College hostel residents","Hostel maintenance complaints are often lost or handled without transparency.","A ticketing platform for reporting, assigning, and tracking hostel maintenance requests.","SaaS","Institutional subscription",9,7,4,7,4,5,3,4,6,Needs Discovery,SaaS,"The problem is specific and recurring, but adoption requires cooperation from hostel administration and institutions. Demand from paying institutions is unvalidated.","muneer","0.1.0","human"
007,SkillSwap,"A platform where college students exchange skills through peer-to-peer learning sessions.","College students","Students want to learn practical skills but may not have affordable access to mentors.","A peer-learning platform that matches students based on skills they can teach and learn.","Marketplace","Transaction fee",7,6,6,4,7,6,2,7,8,Needs Discovery,Marketplace,"The concept depends on achieving sufficient supply and demand. Trust, scheduling, quality control, and monetization are uncertain.","muneer","0.1.0","human"
008,FocusFlow,"A distraction-blocking desktop application that helps students maintain focused study sessions.","Students and remote workers","Users struggle with digital distractions while working or studying.","A desktop productivity application with website blocking, focus sessions, and progress tracking.","Consumer App","Freemium subscription",8,6,3,6,4,7,4,3,5,Needs Validation,Consumer App,"The product is technically straightforward and the problem is recognizable, but the market is crowded and users may prefer free alternatives.","muneer","0.1.0","human"
009,AgriSense,"A sensor-based system that monitors soil moisture and recommends irrigation schedules for small farms.","Small and medium-sized farmers","Farmers may waste water or harm crops due to inefficient irrigation decisions.","A hardware and software system using soil sensors and data analysis to recommend irrigation timing.","Hardware","Hardware sales and subscription",8,8,8,6,8,5,2,9,9,Needs Discovery,Hardware,"The problem may be significant, but hardware deployment, farmer adoption, maintenance, connectivity, pricing, and distribution introduce major uncertainties.","muneer","0.1.0","human"
010,LegalLens,"A document analysis tool that highlights potentially important clauses in contracts for small businesses.","Small businesses and freelancers","Users may struggle to understand lengthy contracts and identify potentially risky clauses.","A document analysis tool that extracts clauses and explains them in simple language.","AI Application","Subscription",8,7,7,6,6,8,2,6,8,Needs Discovery,AI Application,"The use case is understandable, but legal accuracy, liability, trust, privacy, and differentiation are significant concerns. The product must not present itself as legal advice.","muneer","0.1.0","human"